WB_ID,WB_KEY,WB_UPDATED,WB_STATUS,WB_TITLE,WB_GUESS1,WB_GUESS2,WB_GUESS3,WB_SCORE,NAME,NAME_LONG,FORMAL_EN,ADMIN,SUBREGION,CONTINENT
naturalEarth.240,US Naval Base Guantanamo Bay,2014-07-21 16:03:56,V,Guantanamo Bay Naval Base,Guantanamo Bay Naval Base,Guantanamo Bay files leak,Guantanamo Bay homicide accusations,0.0770559525,USNB Guantanamo Bay,US Naval Base Guantanamo Bay,,US Naval Base Guantanamo Bay,Caribbean,North America
naturalEarth.28,Bajo Nuevo Bank (Petrel Islands),2014-07-21 16:03:44,V,Bajo Nuevo Bank,Bajo Nuevo Bank,Petrelle,Petrel,0.3933294624,Bajo Nuevo Bank (Petrel Is.),Bajo Nuevo Bank (Petrel Islands),,Bajo Nuevo Bank (Petrel Is.),Caribbean,North America
naturalEarth.188,Palestine,2014-07-21 16:03:53,V,Palestine,Palestine,Palestinian territories,Mandatory Palestine,0.882115734,Palestine,Palestine,West Bank and Gaza,Palestine,Western Asia,Asia
naturalEarth.196,Scarborough Reef,2014-07-21 16:03:54,V,Scarborough Shoal,Scarborough Shoal,,,1,Scarborough Reef,Scarborough Reef,,Scarborough Reef,South-Eastern Asia,Asia
naturalEarth.200,Serranilla Bank,2014-07-21 16:03:54,V,Serranilla Bank,Serranilla Bank,,,1,Serranilla Bank,Serranilla Bank,,Serranilla Bank,Caribbean,North America
naturalEarth.59,Northern Cyprus,2014-07-21 16:03:46,V,Northern Cyprus,Northern Cyprus,Cyprus,N++,1.2412437592,N. Cyprus,Northern Cyprus,Turkish Republic of Northern Cyprus,Northern Cyprus,Western Asia,Asia
naturalEarth.6,Aland Islands,2014-07-21 16:03:42,V,Åland Islands,Åland Islands,Kurt Aland,List of people on stamps of Finland,1.2668197955,Aland,Aland Islands,Åland Islands,Aland,Northern Europe,Europe
naturalEarth.106,Indian Ocean Territories,2014-07-21 16:03:49,V,British Indian Ocean Territory,British Indian Ocean Territory,Indian Ocean,Subtropical Indian Ocean Dipole,1.3586776905,Indian Ocean Ter.,Indian Ocean Territories,,Indian Ocean Territories,Seven seas (open ocean),Asia
naturalEarth.237,United States Minor Outlying Islands,2014-07-21 16:03:56,V,United States Minor Outlying Islands,United States Minor Outlying Islands,List of mammals of the United States Minor Outlying Islands,National Register of Historic Places listings in the United States Minor Outlying Islands,1.4897082314,U.S. Minor Outlying Is.,United States Minor Outlying Islands,,United States Minor Outlying Islands,Seven seas (open ocean),North America
naturalEarth.71,Dhekelia,2014-07-21 16:03:47,V,Akrotiri and Dhekelia,Akrotiri and Dhekelia,,,1.49,Dhekelia,Dhekelia,,Dhekelia Sovereign Base Area,Western Asia,Asia
naturalEarth.250,Akrotiri,2014-07-21 16:03:56,V,Akrotiri and Dhekelia,Akrotiri and Dhekelia,Akrotiri (Santorini),"Akrotiri, Crete",1.6554966974,Akrotiri,Akrotiri,,Akrotiri Sovereign Base Area,Western Asia,Asia
naturalEarth.57,Curaçao,2014-07-21 16:03:46,V,Curaçao,Curaçao,Curaçao International Airport,Curaçao national football team,1.8234280869,Curaçao,Curaçao,Curaçao,Curaçao,Caribbean,North America
naturalEarth.171,Nepal,2014-07-21 16:03:52,V,Nepal,Nepal,Kingdom of Nepal,Nepal national cricket team,1.8631138206,Nepal,Nepal,Nepal,Nepal,Southern Asia,Asia
naturalEarth.104,Isle of Man,2014-07-21 16:03:49,V,Isle of Man,Isle of Man,Isle of Man Airport,Ellan Vannin football team,1.9028138528,Isle of Man,Isle of Man,,Isle of Man,Northern Europe,Europe
naturalEarth.47,Cyprus U.N. Buffer Zone,2014-07-21 16:03:45,V,United Nations Buffer Zone in Cyprus,Cyprus,United Nations Buffer Zone in Cyprus,Buffer zone,1.9424267329,Cyprus U.N. Buffer Zone,Cyprus U.N. Buffer Zone,Cyprus No Mans Land,Cyprus No Mans Area,Western Asia,Asia
naturalEarth.119,Siachen Glacier,2014-07-21 16:03:50,V,Siachen Glacier,Siachen Glacier,Siachen conflict,2012 Siachen Glacier avalanche,1.9550561877,Siachen Glacier,Siachen Glacier,,Siachen Glacier,Southern Asia,Asia
naturalEarth.198,South Sudan,2014-07-21 16:03:54,V,South Sudan,South Sudan,The Sudans,Sudan,2.254738092,S. Sudan,South Sudan,Republic of South Sudan,South Sudan,Eastern Africa,Africa
naturalEarth.208,Somaliland,2014-07-21 16:03:54,V,Somaliland,Somaliland,Somalia,British Somaliland,2.288724088,Somaliland,Somaliland,Republic of Somaliland,Somaliland,Eastern Africa,Africa
naturalEarth.21,Benin,2014-07-21 16:03:43,V,Benin,Benin,Republic of Benin (1967),Benin national football team,2.8034853503,Benin,Benin,Republic of Benin,Benin,Western Africa,Africa
naturalEarth.238,Uruguay,2014-07-21 16:03:56,V,Uruguay,Uruguay,Uruguay national football team,Uruguayan Football Association,2.8180717692,Uruguay,Uruguay,Oriental Republic of Uruguay,Uruguay,South America,South America
naturalEarth.187,Paraguay,2014-07-21 16:03:53,V,Paraguay,Paraguay,Paraguay national football team,Paraguayan Football Association,2.8939425215,Paraguay,Paraguay,Republic of Paraguay,Paraguay,South America,South America
naturalEarth.197,Sudan,2014-07-21 16:03:54,V,Sudan,Sudan,History of Sudan (1956–69),Sudan national football team,2.9271909267,Sudan,Sudan,Republic of the Sudan,Sudan,Northern Africa,Africa
naturalEarth.218,Sint Maarten,2014-07-21 16:03:55,V,Sint Maarten,Sint Maarten,Princess Juliana International Airport,Sint Maarten Soccer Association,3.0671709269,Sint Maarten,Sint Maarten,Sint Maarten (Dutch part),Sint Maarten,Caribbean,North America
naturalEarth.54,Costa Rica,2014-07-21 16:03:46,V,Costa Rica,Costa Rica,Costa Rica national football team,Costa Rican Football Federation,3.0856883541,Costa Rica,Costa Rica,Republic of Costa Rica,Costa Rica,Central America,North America
naturalEarth.203,Saint Helena,2014-07-21 16:03:54,V,"Saint Helena, Ascension and Tristan da Cunha","Saint Helena, Ascension and Tristan da Cunha",Saint Helena,Helena (empress),3.1455301167,Saint Helena,Saint Helena,,Saint Helena,Western Africa,Seven seas (open ocean)
naturalEarth.193,Rwanda,2014-07-21 16:03:54,V,Rwanda,Rwanda,Rwanda national football team,Fédération Rwandaise de Football Association,3.1747800071,Rwanda,Rwanda,Republic of Rwanda,Rwanda,Eastern Africa,Africa
naturalEarth.181,Palau,2014-07-21 16:03:53,V,Palau,Palau,Laia Palau,Survivor: Palau,3.2147457168,Palau,Palau,Republic of Palau,Palau,Micronesia,Oceania
naturalEarth.127,Kosovo,2014-07-21 16:03:50,V,Kosovo,Kosovo,Kosovo national football team,Kosovo War,3.2510713149,Kosovo,Kosovo,Republic of Kosovo,Kosovo,Southern Europe,Europe
naturalEarth.172,Nauru,2014-07-21 16:03:53,V,Nauru,Nauru,Australian rules football in Nauru,Elections in Nauru,3.2585786307,Nauru,Nauru,Republic of Nauru,Nauru,Micronesia,Oceania
naturalEarth.141,Saint-Martin,2014-07-21 16:03:51,V,Collectivity of Saint Martin,Collectivity of Saint Martin,Saint Martin,"Saint-Martin, Valais",3.6814504119,St-Martin,Saint-Martin,Saint-Martin (French part),Saint Martin,Caribbean,North America
naturalEarth.118,Baikonur Cosmodrome,2014-07-21 16:03:50,V,Baikonur Cosmodrome,Baikonur Cosmodrome,Baikonur,,3.8315682904,Baikonur,Baikonur Cosmodrome,,Baykonur Cosmodrome,Central Asia,Asia
naturalEarth.153,Montenegro,2014-07-21 16:03:52,V,Montenegro,Montenegro,Principality of Montenegro,Montenegro national football team,4.6265149573,Montenegro,Montenegro,Montenegro,Montenegro,Southern Europe,Europe
naturalEarth.79,Faeroe Islands,2014-07-21 16:03:47,V,Faroe Islands,Faroe Islands,Botany of the Faeroes,Hotel Føroyar,4.6682805587,Faeroe Is.,Faeroe Islands,Føroyar Is. (Faeroe Is.),Faroe Islands,Northern Europe,Europe
naturalEarth.169,Netherlands,2014-07-21 16:03:52,V,Netherlands,Netherlands,United Kingdom of the Netherlands,Kingdom of the Netherlands,4.7919421193,Netherlands,Netherlands,Kingdom of the Netherlands,Netherlands,Western Europe,Europe
naturalEarth.80,Federated States of Micronesia,2014-07-21 16:03:48,V,Federated States of Micronesia,Federated States of Micronesia,Micronesia,Survivor: Micronesia,4.8081002116,Micronesia,Federated States of Micronesia,Federated States of Micronesia,Federated States of Micronesia,Micronesia,Oceania
naturalEarth.202,South Georgia and South Sandwich Islands,2014-07-21 16:03:54,V,South Georgia and the South Sandwich Islands,South Georgia and the South Sandwich Islands,South Georgia and South Sandwich Islands sovereignty dispute,s,4.8400000125,S. Geo. and S. Sandw. Is.,South Georgia and South Sandwich Islands,South Georgia and South Sandwich Islands,South Georgia and South Sandwich Islands,Seven seas (open ocean),Seven seas (open ocean)
naturalEarth.15,Antigua and Barbuda,2014-07-21 16:03:43,V,Antigua and Barbuda,Antigua and Barbuda,Antigua and Barbuda national football team,The Barb,5.0549469799,Antigua and Barb.,Antigua and Barbuda,Antigua and Barbuda,Antigua and Barbuda,Caribbean,North America
naturalEarth.170,Norway,2014-07-21 16:03:52,V,Norway,Norway,Norway national football team,Football Association of Norway,5.1224636596,Norway,Norway,Kingdom of Norway,Norway,Northern Europe,Europe
naturalEarth.243,Saint Vincent and the Grenadines,2014-07-21 16:03:56,V,Saint Vincent and the Grenadines,Saint Vincent and the Grenadines,Grens,Gren,5.1855477467,St. Vin. and Gren.,Saint Vincent and the Grenadines,Saint Vincent and the Grenadines,Saint Vincent and the Grenadines,Caribbean,North America
naturalEarth.221,Turks and Caicos Islands,2014-07-21 16:03:55,V,Turks and Caicos Islands,Turks and Caicos Islands,Turks and Caicos Islands national cricket team,Flag of the Turks and Caicos Islands,5.1894438311,Turks and Caicos Is.,Turks and Caicos Islands,Turks and Caicos Islands,Turks and Caicos Islands,Caribbean,North America
naturalEarth.245,British Virgin Islands,2014-07-21 16:03:56,V,British Virgin Islands,British Virgin Islands,Miss British Virgin Islands,British Virgin Islands passport,5.2228907017,British Virgin Is.,British Virgin Islands,British Virgin Islands,British Virgin Islands,Caribbean,North America
naturalEarth.112,Israel,2014-07-21 16:03:50,V,Israel,Israel,Israel national football team,Israel Football Association,5.2241770793,Israel,Israel,State of Israel,Israel,Western Asia,Asia
naturalEarth.77,Falkland Islands,2014-07-21 16:03:47,V,Falkland Islands,Falkland Islands,Falkland,Falkland Islanders,5.29212192,Falkland Is.,Falkland Islands,Falkland Islands,Falkland Islands,South America,South America
naturalEarth.107,British Indian Ocean Territory,2014-07-21 16:03:49,V,British Indian Ocean Territory,British Indian Ocean Territory,Indian Ocean,List of shipwrecks in the Indian Ocean,5.3144088887,Br. Indian Ocean Ter.,British Indian Ocean Territory,,British Indian Ocean Territory,Seven seas (open ocean),Seven seas (open ocean)
naturalEarth.242,Vatican,2014-07-21 16:03:56,V,Vatican City,Vatican City,Holy See,Apostolic Palace,5.4159066916,Vatican,Vatican,State of the Vatican City,Vatican,Southern Europe,Europe
naturalEarth.158,Montserrat,2014-07-21 16:03:52,V,Montserrat,Montserrat,Montserrat national football team,Montserrat cricket team,5.4575695992,Montserrat,Montserrat,,Montserrat,Caribbean,North America
naturalEarth.45,Clipperton Island,2014-07-21 16:03:45,V,Clipperton Island,Clipperton Island,John Clipperton,Clipperton Fracture Zone,5.4957587436,Clipperton I.,Clipperton Island,,Clipperton Island,Central America,Seven seas (open ocean)
naturalEarth.179,Spratly Islands,2014-07-21 16:03:53,V,Spratly Islands,Spratly Islands,William Spratly,Spratly (surname),5.5123595461,Spratly Is.,Spratly Islands,,Spratly Islands,South-Eastern Asia,Asia
naturalEarth.35,Barbados,2014-07-21 16:03:44,V,Barbados,Barbados,Barbados national cricket team,Barbados national football team,5.5672147945,Barbados,Barbados,Barbados,Barbados,Caribbean,North America
naturalEarth.114,Jamaica,2014-07-21 16:03:50,V,Jamaica,Jamaica,Jamaica national football team,Jamaica Football Federation,5.5973577797,Jamaica,Jamaica,Jamaica,Jamaica,Caribbean,North America
naturalEarth.4,Anguilla,2014-07-21 16:03:42,V,Anguilla,Anguilla,Anguilla national football team,Anguillidae,5.601994589,Anguilla,Anguilla,,Anguilla,Caribbean,North America
naturalEarth.92,Grenada,2014-07-21 16:03:48,V,Grenada,Grenada,Grenada national football team,"Grenada, Mississippi",5.6066025235,Grenada,Grenada,Grenada,Grenada,Caribbean,North America
naturalEarth.140,Macao,2014-07-21 16:03:51,V,Macau,Macau,Macao (film),Macao Special Administrative Region passport,5.7040059566,Macao,Macao,"Macao Special Administrative Region, PRC",Macao S.A.R,Eastern Asia,Asia
naturalEarth.132,Libya,2014-07-21 16:03:51,V,Libya,Libya,Italian Libya,Libya national football team,5.7083862908,Libya,Libya,Libya,Libya,Northern Africa,Africa
naturalEarth.226,Turkmenistan,2014-07-21 16:03:55,V,Turkmenistan,Turkmenistan,Turkmenistan national football team,Football Federation of Turkmenistan,5.7203128822,Turkmenistan,Turkmenistan,Turkmenistan,Turkmenistan,Central Asia,Asia
naturalEarth.133,Saint Lucia,2014-07-21 16:03:51,V,Saint Lucia,Saint Lucia,Saint Lucia national football team,Saint Lucia Football Association,5.7325519659,Saint Lucia,Saint Lucia,Saint Lucia,Saint Lucia,Caribbean,North America
naturalEarth.1,Aruba,2014-07-21 16:03:41,V,Aruba,Aruba,Queen Beatrix International Airport,Aruba national football team,5.7372962236,Aruba,Aruba,Aruba,Aruba,Caribbean,North America
naturalEarth.11,American Samoa,2014-07-21 16:03:42,V,American Samoa,American Samoa,American Samoa national association football team,American Samoa national rugby league team,5.7377865948,American Samoa,American Samoa,American Samoa,American Samoa,Polynesia,Oceania
naturalEarth.232,Tuvalu,2014-07-21 16:03:55,V,Tuvalu,Tuvalu,Tuvalu national football team,Tuvalu (film),5.7439581752,Tuvalu,Tuvalu,Tuvalu,Tuvalu,Polynesia,Oceania
naturalEarth.32,Bermuda,2014-07-21 16:03:44,V,Bermuda,Bermuda,Bermuda national cricket team,"Somers Island, Bermuda",5.7443812624,Bermuda,Bermuda,The Bermudas or Somers Isles,Bermuda,Northern America,North America
naturalEarth.8,United Arab Emirates,2014-07-21 16:03:42,V,United Arab Emirates,United Arab Emirates,United Arab Emirates Football Association,United Arab Emirates national football team,5.7527002431,United Arab Emirates,United Arab Emirates,United Arab Emirates,United Arab Emirates,Western Asia,Asia
naturalEarth.98,Heard I. and McDonald Islands,2014-07-21 16:03:49,V,Heard Island and McDonald Islands,Heard Island and McDonald Islands,Geography of the Heard and McDonald Islands,List of birds of Heard and McDonald Islands,5.7670527901,Heard I. and McDonald Is.,Heard I. and McDonald Islands,Territory of Heard Island and McDonald Islands,Heard Island and McDonald Islands,Seven seas (open ocean),Seven seas (open ocean)
naturalEarth.31,Belize,2014-07-21 16:03:44,V,Belize,Belize,Belize national football team,Belize District,5.7774818055,Belize,Belize,Belize,Belize,Central America,North America
naturalEarth.163,New Caledonia,2014-07-21 16:03:52,V,New Caledonia,New Caledonia,New Caledonia national football team,New Caledonian Football Federation,5.8113864064,New Caledonia,New Caledonia,New Caledonia,New Caledonia,Melanesia,Oceania
naturalEarth.161,Malaysia,2014-07-21 16:03:52,V,Malaysia,Malaysia,Football Association of Malaysia,Malaysia national football team,5.8145110775,Malaysia,Malaysia,Malaysia,Malaysia,South-Eastern Asia,Asia
naturalEarth.29,Saint-Barthélemy,2014-07-21 16:03:44,V,Saint Barthélemy,Saint Barthélemy,"Saint-Barthélemy, Quebec","Saint-Barthélemy, Switzerland",5.8370488514,St-Barthélemy,Saint-Barthélemy,Saint-Barthélemy,Saint Barthelemy,Caribbean,North America
naturalEarth.86,Gibraltar,2014-07-21 16:03:48,V,Gibraltar,Gibraltar,Gibraltar national football team,Gibraltar national cricket team,5.8473084141,Gibraltar,Gibraltar,,Gibraltar,Southern Europe,Europe
naturalEarth.83,Georgia,2014-07-21 08:55:35,V,Georgia (country),Georgia (country),Georgia (U.S. state),Georgia Bulldogs football,5.8651623726,Georgia,Georgia,Georgia,Georgia,Western Asia,Asia
naturalEarth.93,Greenland,2014-07-21 16:03:48,V,Greenland,Greenland,"Greenland, New Hampshire","Greenland, Arkansas",5.9180386928,Greenland,Greenland,Greenland,Greenland,Northern America,North America
naturalEarth.190,Qatar,2014-07-21 16:03:53,V,Qatar,Qatar,Kuwait,Qatar national football team,5.9969916951,Qatar,Qatar,State of Qatar,Qatar,Western Asia,Asia
naturalEarth.108,Ireland,2014-07-21 16:03:49,V,Republic of Ireland,Republic of Ireland,Ireland,Ireland national rugby union team,6.069883585,Ireland,Ireland,Ireland,Ireland,Northern Europe,Europe
naturalEarth.246,United States Virgin Islands,2014-07-21 16:03:56,V,United States Virgin Islands,United States Virgin Islands,Elections in the United States Virgin Islands,U.S. Virgin Islands Championship,6.0942230487,U.S. Virgin Is.,United States Virgin Islands,Virgin Islands of the United States,United States Virgin Islands,Caribbean,North America
naturalEarth.249,Wallis and Futuna Islands,2014-07-21 16:03:56,V,Wallis and Futuna,Wallis and Futuna,Wallis and Futuna national football team,Futuna (Wallis and Futuna),6.2298171999,Wallis and Futuna Is.,Wallis and Futuna Islands,Wallis and Futuna Islands,Wallis and Futuna,Polynesia,Oceania
naturalEarth.155,Northern Mariana Islands,2014-07-21 16:03:52,V,Northern Mariana Islands,Northern Mariana Islands,Mariana,Mariana (novel),6.2572087976,N. Mariana Is.,Northern Mariana Islands,Commonwealth of the Northern Mariana Islands,Northern Mariana Islands,Micronesia,Oceania
naturalEarth.177,Pitcairn Islands,2014-07-21 16:03:53,V,Pitcairn Islands,Pitcairn Islands,Theodore Pitcairn,Joseph Pitcairn,6.2943897593,Pitcairn Is.,Pitcairn Islands,"Pitcairn, Henderson, Ducie and Oeno Islands",Pitcairn Islands,Polynesia,Oceania
naturalEarth.55,Coral Sea Islands,2014-07-21 16:03:46,V,Coral Sea Islands,Coral Sea Islands,Coral Sea,List of fishes of the Coral Sea,6.3133778597,Coral Sea Is.,Coral Sea Islands,Coral Sea Islands Territory,Coral Sea Islands,Australia and New Zealand,Oceania
naturalEarth.39,Central African Republic,2014-07-21 16:03:45,V,Central African Republic,Central African Republic,Central African Republic national football team,Central African Republic national basketball team,6.3264353378,Central African Rep.,Central African Republic,Central African Republic,Central African Republic,Middle Africa,Africa
naturalEarth.14,French Southern and Antarctic Lands,2014-07-21 16:03:43,V,French Southern and Antarctic Lands,French Southern and Antarctic Lands,FRS,FR,6.4406944092,Fr. S. Antarctic Lands,French Southern and Antarctic Lands,Territory of the French Southern and Antarctic Lands,French Southern and Antarctic Lands,Seven seas (open ocean),Seven seas (open ocean)
naturalEarth.13,Ashmore and Cartier Islands,2014-07-21 16:03:42,V,Ashmore and Cartier Islands,Ashmore and Cartier Islands,Flora of Ashmore and Cartier Islands,East Island (Ashmore and Cartier Islands),6.4619394514,Ashmore and Cartier Is.,Ashmore and Cartier Islands,Territory of Ashmore and Cartier Islands,Ashmore and Cartier Islands,Australia and New Zealand,Oceania
naturalEarth.126,Republic of Korea,2014-07-21 16:03:50,V,South Korea,South Korea,Korea,Korean War,6.4798965394,Korea,Republic of Korea,Republic of Korea,South Korea,Eastern Asia,Asia
naturalEarth.143,Monaco,2014-07-21 16:03:51,V,Monaco,Monaco,AS Monaco FC,Circuit de Monaco,6.6622460753,Monaco,Monaco,Principality of Monaco,Monaco,Western Europe,Europe
naturalEarth.97,Hong Kong,2014-07-21 16:03:49,V,Hong Kong,Hong Kong,Preparatory Committee for the Hong Kong Special Administrative Region,Hong Kong Special Administrative Region Establishment Day,6.6916307653,Hong Kong,Hong Kong,"Hong Kong Special Administrative Region, PRC",Hong Kong S.A.R.,Eastern Asia,Asia
naturalEarth.194,Western Sahara,2014-07-21 16:03:54,V,Western Sahara,Western Sahara,Sahrawi Arab Democratic Republic,Sahara,6.8043299843,W. Sahara,Western Sahara,Sahrawi Arab Democratic Republic,Western Sahara,Northern Africa,Africa
naturalEarth.251,Samoa,2014-07-21 16:03:57,V,Samoa,Samoa,Samoa national rugby union team,Samoa national rugby league team,6.846219109,Samoa,Samoa,Independent State of Samoa,Samoa,Polynesia,Oceania
naturalEarth.206,El Salvador,2014-07-21 16:03:54,V,El Salvador,El Salvador,El Salvador national football team,Salvadoran Football Federation,6.9056608543,El Salvador,El Salvador,Republic of El Salvador,El Salvador,Central America,North America
naturalEarth.241,Uzbekistan,2014-07-21 16:03:56,V,Uzbekistan,Uzbekistan,Uzbekistan Football Federation,Uzbekistan national football team,6.9560478419,Uzbekistan,Uzbekistan,Republic of Uzbekistan,Uzbekistan,Central Asia,Asia
naturalEarth.174,Oman,2014-07-21 16:03:53,V,Oman,Oman,Oman national football team,Oman Football Association,6.9563535467,Oman,Oman,Sultanate of Oman,Oman,Western Asia,Asia
naturalEarth.3,Angola,2014-07-21 16:03:41,V,Angola,Angola,People's Republic of Angola,Portuguese Angola,6.9633460175,Angola,Angola,People's Republic of Angola,Angola,Middle Africa,Africa
naturalEarth.76,Fiji,2014-07-21 16:03:47,V,Fiji,Fiji,Fiji national rugby union team,Fiji national rugby league team,6.9655671209,Fiji,Fiji,Republic of Fiji,Fiji,Melanesia,Oceania
naturalEarth.151,Malta,2014-07-21 16:03:52,V,Malta,Malta,Malta national football team,Malta Football Association,7.0036874838,Malta,Malta,Republic of Malta,Malta,Southern Europe,Europe
naturalEarth.115,Jersey,2014-07-21 16:03:50,V,Jersey,Jersey,Jersey R.F.C.,Jersey Airport,7.006048803,Jersey,Jersey,Bailiwick of Jersey,Jersey,Northern Europe,Europe
naturalEarth.199,Senegal,2014-07-21 16:03:54,V,Senegal,Senegal,Senegal national football team,Fédération Sénégalaise de Football,7.0219555937,Senegal,Senegal,Republic of Senegal,Senegal,Western Africa,Africa
naturalEarth.145,Madagascar,2014-07-21 16:03:51,V,Madagascar,Madagascar,Third Republic of Madagascar,Madagascar (2005 film),7.0251065521,Madagascar,Madagascar,Republic of Madagascar,Madagascar,Eastern Africa,Africa
naturalEarth.9,Argentina,2014-07-21 16:03:42,V,Argentina,Argentina,Argentina national football team,Argentine Football Association,7.0268267781,Argentina,Argentina,Argentine Republic,Argentina,South America,South America
naturalEarth.84,Guernsey,2014-07-21 16:03:48,V,Guernsey,Guernsey,"Guernsey County, Ohio",Guernsey Airport,7.0334477395,Guernsey,Guernsey,Bailiwick of Guernsey,Guernsey,Northern Europe,Europe
naturalEarth.50,Cook Islands,2014-07-21 16:03:46,V,Cook Islands,Cook Islands,Cook Islands national rugby league team,Cook Islands national football team,7.0381987296,Cook Is.,Cook Islands,,Cook Islands,Polynesia,Oceania
naturalEarth.146,Maldives,2014-07-21 16:03:51,V,Maldives,Maldives,Maldives national football team,Football Association of Maldives,7.092178566,Maldives,Maldives,Republic of Maldives,Maldives,Southern Asia,Seven seas (open ocean)
naturalEarth.215,Slovenia,2014-07-21 16:03:55,V,Slovenia,Slovenia,Socialist Republic of Slovenia,Slovenia national football team,7.0933199828,Slovenia,Slovenia,Republic of Slovenia,Slovenia,Southern Europe,Europe
naturalEarth.142,Morocco,2014-07-21 16:03:51,V,Morocco,Morocco,Morocco national football team,Royal Moroccan Football Federation,7.0986195885,Morocco,Morocco,Kingdom of Morocco,Morocco,Northern Africa,Africa
naturalEarth.96,Guyana,2014-07-21 16:03:49,V,Guyana,Guyana,Guyana national cricket team,Guyana national football team,7.1051142268,Guyana,Guyana,Co-operative Republic of Guyana,Guyana,South America,South America
naturalEarth.195,Saudi Arabia,2014-07-21 16:03:54,V,Saudi Arabia,Saudi Arabia,Saudi Arabia national football team,Saudi Arabian Football Federation,7.1170843326,Saudi Arabia,Saudi Arabia,Kingdom of Saudi Arabia,Saudi Arabia,Western Asia,Asia
naturalEarth.94,Guatemala,2014-07-21 16:03:48,V,Guatemala,Guatemala,Guatemala national football team,National Football Federation of Guatemala,7.1226732783,Guatemala,Guatemala,Republic of Guatemala,Guatemala,Central America,North America
naturalEarth.2,Afghanistan,2014-07-21 16:03:41,V,Afghanistan,Afghanistan,Islamic State of Afghanistan,War in Afghanistan (2001–present),7.1424666345,Afghanistan,Afghanistan,Islamic State of Afghanistan,Afghanistan,Southern Asia,Asia
naturalEarth.247,Vietnam,2014-07-21 16:03:56,V,Vietnam,Vietnam,Vietnam War,Vietnam national football team,7.1507290393,Vietnam,Vietnam,Socialist Republic of Vietnam,Vietnam,South-Eastern Asia,Asia
naturalEarth.176,Panama,2014-07-21 16:03:53,V,Panama,Panama,Panama national football team,Panamanian Football Federation,7.1512254663,Panama,Panama,Republic of Panama,Panama,Central America,North America
naturalEarth.58,Cayman Islands,2014-07-21 16:03:46,V,Cayman Islands,Cayman Islands,Cayman Islands national football team,Cayman Islands national cricket team,7.1526736956,Cayman Is.,Cayman Islands,Cayman Islands,Cayman Islands,Caribbean,North America
naturalEarth.175,Pakistan,2014-07-21 16:03:53,V,Pakistan,Pakistan,Pakistan national cricket team,Pakistan national football team,7.1548183538,Pakistan,Pakistan,Islamic Republic of Pakistan,Pakistan,Southern Asia,Asia
naturalEarth.182,Papua New Guinea,2014-07-21 16:03:53,V,Papua New Guinea,Papua New Guinea,Papua New Guinea national rugby league team,Papua New Guinea national cricket team,7.1883112244,Papua New Guinea,Papua New Guinea,Independent State of Papua New Guinea,Papua New Guinea,Melanesia,Oceania
naturalEarth.217,Swaziland,2014-07-21 16:03:55,V,Swaziland,Swaziland,House of Dlamini,Swaziland national football team,7.1996909767,Swaziland,Swaziland,Kingdom of Swaziland,Swaziland,Southern Africa,Africa
naturalEarth.225,Tajikistan,2014-07-21 16:03:55,V,Tajikistan,Tajikistan,Tajikistan national football team,Tajikistan Football Federation,7.2042303436,Tajikistan,Tajikistan,Republic of Tajikistan,Tajikistan,Central Asia,Asia
naturalEarth.201,Singapore,2014-07-21 16:03:54,V,Singapore,Singapore,Football Association of Singapore,Singapore national football team,7.206983212,Singapore,Singapore,Republic of Singapore,Singapore,South-Eastern Asia,Asia
naturalEarth.56,Cuba,2014-07-21 16:03:46,V,Cuba,Cuba,Republic of Cuba (1902–1959),Cuba national football team,7.225036695,Cuba,Cuba,Republic of Cuba,Cuba,Caribbean,North America
naturalEarth.157,Mauritania,2014-07-21 16:03:52,V,Mauritania,Mauritania,Football Federation of the Islamic Republic of Mauritania,Mauritania national football team,7.2312647436,Mauritania,Mauritania,Islamic Republic of Mauritania,Mauritania,Western Africa,Africa
naturalEarth.224,Thailand,2014-07-21 16:03:55,V,Thailand,Thailand,Thailand national football team,Football Association of Thailand,7.2333275337,Thailand,Thailand,Kingdom of Thailand,Thailand,South-Eastern Asia,Asia
naturalEarth.184,Puerto Rico,2014-07-21 16:03:53,V,Puerto Rico,Puerto Rico,Puerto Rico men's national basketball team,Baloncesto Superior Nacional,7.2431090973,Puerto Rico,Puerto Rico,Commonwealth of Puerto Rico,Puerto Rico,Caribbean,North America
naturalEarth.252,Yemen,2014-07-21 16:03:57,V,Yemen,Yemen,Yemen national football team,Mutawakkilite Kingdom of Yemen,7.2446014136,Yemen,Yemen,Republic of Yemen,Yemen,Western Asia,Asia
naturalEarth.244,Venezuela,2014-07-21 16:03:56,V,Venezuela,Venezuela,Venezuela national football team,Venezuelan Football Federation,7.2505869936,Venezuela,Venezuela,Bolivarian Republic of Venezuela,Venezuela,South America,South America
naturalEarth.167,Nicaragua,2014-07-21 16:03:52,V,Nicaragua,Nicaragua,Nicaragua national football team,Nicaraguan Football Federation,7.2601159435,Nicaragua,Nicaragua,Republic of Nicaragua,Nicaragua,Central America,North America
naturalEarth.95,Guam,2014-07-21 16:03:49,V,Guam,Guam,Guam national football team,Battle of Guam (1944),7.2677763473,Guam,Guam,Territory of Guam,Guam,Micronesia,Oceania
naturalEarth.204,Solomon Islands,2014-07-21 16:03:54,V,Solomon Islands,Solomon Islands,Solomon Islands national football team,Solomon Islands Football Federation,7.2749238469,Solomon Is.,Solomon Islands,,Solomon Islands,Melanesia,Oceania
naturalEarth.149,Macedonia,2014-07-21 16:03:52,V,Republic of Macedonia,Republic of Macedonia,Macedonia (ancient kingdom),Macedonia (region),7.3595684111,Macedonia,Macedonia,Former Yugoslav Republic of Macedonia,Macedonia,Southern Europe,Europe
naturalEarth.165,Norfolk Island,2014-07-21 16:03:52,V,Norfolk Island,Norfolk Island,Norfolk Island Airport,Norfolk Island at the 2006 Commonwealth Games,7.3639794366,Norfolk Island,Norfolk Island,Territory of Norfolk Island,Norfolk Island,Australia and New Zealand,Oceania
naturalEarth.210,Saint Pierre and Miquelon,2014-07-21 16:03:54,V,Saint Pierre and Miquelon,Saint Pierre and Miquelon,Saint Pierre and Miquelon national football team,Elections in Saint Pierre and Miquelon,7.3774193614,St. Pierre and Miquelon,Saint Pierre and Miquelon,Saint Pierre and Miquelon,Saint Pierre and Miquelon,Northern America,North America
naturalEarth.189,French Polynesia,2014-07-21 16:03:53,V,French Polynesia,French Polynesia,Elections in French Polynesia,Politics of French Polynesia,7.3795956436,Fr. Polynesia,French Polynesia,French Polynesia,French Polynesia,Polynesia,Oceania
naturalEarth.48,Democratic Republic of the Congo,2014-07-21 16:03:46,V,Democratic Republic of the Congo,Democratic Republic of the Congo,DR Congo national football team,Republic of the Congo (Léopoldville),7.3841959523,Dem. Rep. Congo,Democratic Republic of the Congo,Democratic Republic of the Congo,Democratic Republic of the Congo,Middle Africa,Africa
naturalEarth.49,Republic of Congo,2014-07-21 16:03:46,V,Republic of the Congo,Republic of the Congo,Democratic Republic of the Congo,Congo national football team,7.5049734919,Congo,Republic of Congo,Republic of Congo,Republic of Congo,Middle Africa,Africa
naturalEarth.62,Germany,2014-07-21 16:03:46,V,Germany,Germany,West Germany,Germany national football team,7.5534498334,Germany,Germany,Federal Republic of Germany,Germany,Western Europe,Europe
naturalEarth.110,Iraq,2014-07-21 16:03:50,V,Iraq,Iraq,Ba'athist Iraq,Iraqi Republic (1958–68),7.5761813028,Iraq,Iraq,Republic of Iraq,Iraq,Western Asia,Asia
naturalEarth.173,New Zealand,2014-07-21 16:03:53,V,New Zealand,New Zealand,New Zealand national cricket team,New Zealand national rugby league team,7.5883353129,New Zealand,New Zealand,New Zealand,New Zealand,Australia and New Zealand,Oceania
naturalEarth.125,Saint Kitts and Nevis,2014-07-21 16:03:50,V,Saint Kitts and Nevis,Saint Kitts and Nevis,Saint Kitts and Nevis national football team,St. Kitts and Nevis Football Association,7.7591832544,St. Kitts and Nevis,Saint Kitts and Nevis,Federation of Saint Kitts and Nevis,Saint Kitts and Nevis,Caribbean,North America
naturalEarth.27,Bosnia and Herzegovina,2014-07-21 16:03:44,V,Bosnia and Herzegovina,Bosnia and Herzegovina,Football in Bosnia and Herzegovina,Bosnia and Herzegovina national football team,7.7806738377,Bosnia and Herz.,Bosnia and Herzegovina,Bosnia and Herzegovina,Bosnia and Herzegovina,Southern Europe,Europe
naturalEarth.236,Ukraine,2014-07-21 16:03:56,V,Ukraine,Ukraine,Ukraine national football team,Football Federation of Ukraine,7.7936943285,Ukraine,Ukraine,Ukraine,Ukraine,Eastern Europe,Europe
naturalEarth.191,Romania,2014-07-21 16:03:53,V,Romania,Romania,Romania national football team,Romanian Football Federation,7.808024155,Romania,Romania,Romania,Romania,Eastern Europe,Europe
naturalEarth.22,Burkina Faso,2014-07-21 16:03:43,V,Burkina Faso,Burkina Faso,Burkina Faso national football team,Fédération Burkinabé de Football,7.8141912781,Burkina Faso,Burkina Faso,Burkina Faso,Burkina Faso,Western Africa,Africa
naturalEarth.117,Japan,2014-07-21 16:03:50,V,Japan,Japan,Japan national football team,Japan Football Association,7.8472326249,Japan,Japan,Japan,Japan,Eastern Asia,Asia
naturalEarth.154,Mongolia,2014-07-21 16:03:52,V,Mongolia,Mongolia,Mongolian People's Republic,Mongolia national football team,7.8515001833,Mongolia,Mongolia,Mongolia,Mongolia,Eastern Asia,Asia
naturalEarth.40,Canada,2014-07-21 16:03:45,V,Canada,Canada,Canada men's national soccer team,Canada men's national ice hockey team,7.8653553277,Canada,Canada,Canada,Canada,Northern America,North America
naturalEarth.168,Niue,2014-07-21 16:03:52,V,Niue,Niue,Niue national rugby union team,Politics of Niue,7.8755605817,Niue,Niue,,Niue,Polynesia,Oceania
naturalEarth.233,Taiwan,2014-07-21 16:03:55,V,Taiwan,Taiwan,Taiwan Province,Taiwan under Japanese rule,7.9259696906,Taiwan,Taiwan,,Taiwan,Eastern Asia,Asia
naturalEarth.17,Austria,2014-07-21 16:03:43,V,Austria,Austria,Austria-Hungary,First Austrian Republic,7.9611153789,Austria,Austria,Republic of Austria,Austria,Western Europe,Europe
naturalEarth.91,Greece,2014-07-21 16:03:48,V,Greece,Greece,Kingdom of Greece,Ancient Greece,7.9620707979,Greece,Greece,Hellenic Republic,Greece,Southern Europe,Europe
naturalEarth.12,Antarctica,2014-07-21 16:03:42,V,Antarctica,Antarctica,Argentine Antarctica,Antarctica (1983 film),7.973160489,Antarctica,Antarctica,,Antarctica,Antarctica,Antarctica
naturalEarth.211,Serbia,2014-07-21 16:03:54,V,Serbia,Serbia,Principality of Serbia,Republic of Serbia (1992–2006),8.0445194278,Serbia,Serbia,Republic of Serbia,Republic of Serbia,Southern Europe,Europe
naturalEarth.253,South Africa,2014-07-21 16:03:57,V,South Africa,South Africa,Union of South Africa,South Africa national cricket team,8.0989310733,South Africa,South Africa,Republic of South Africa,South Africa,Southern Africa,Africa
naturalEarth.5,Albania,2014-07-21 16:03:42,V,Albania,Albania,Principality of Albania,Albania national football team,8.1026233839,Albania,Albania,Republic of Albania,Albania,Southern Europe,Europe
naturalEarth.87,Guinea,2014-07-21 16:03:48,V,Guinea,Guinea,Guinea-Bissau,Guinea national football team,8.1079092832,Guinea,Guinea,Republic of Guinea,Guinea,Western Africa,Africa
naturalEarth.24,Bulgaria,2014-07-21 16:03:43,V,Bulgaria,Bulgaria,Principality of Bulgaria,Bulgaria national football team,8.1267254135,Bulgaria,Bulgaria,Republic of Bulgaria,Bulgaria,Eastern Europe,Europe
naturalEarth.26,Bahamas,2014-07-21 16:03:44,V,The Bahamas,The Bahamas,List of High Commissioners of the United Kingdom to the Bahamas,Bahamas national football team,8.1655015842,Bahamas,Bahamas,Commonwealth of the Bahamas,The Bahamas,Caribbean,North America
naturalEarth.78,France,2014-07-21 16:03:47,V,France,France,French First Republic,French Third Republic,8.1831118286,France,France,French Republic,France,Western Europe,Europe
naturalEarth.61,Czech Republic,2014-07-21 16:03:46,V,Czech Republic,Czech Republic,Czech Republic national beach soccer team,Football Association of the Czech Republic,8.2199321657,Czech Rep.,Czech Republic,Czech Republic,Czech Republic,Eastern Europe,Europe
naturalEarth.43,China,2014-07-21 16:03:45,V,China,China,Republic of China (1912–49),Taiwan,8.2295102057,China,China,People's Republic of China,China,Eastern Asia,Asia
naturalEarth.185,Dem. Rep. Korea,2014-07-21 16:03:53,V,North Korea,North Korea,Reps,Rep,8.2371247354,Dem. Rep. Korea,Dem. Rep. Korea,Democratic People's Republic of Korea,North Korea,Eastern Asia,Asia
naturalEarth.148,Marshall Islands,2014-07-21 16:03:52,V,Marshall Islands,Marshall Islands,Elections in the Marshall Islands,Flag of the Marshall Islands,8.3472110055,Marshall Is.,Marshall Islands,Republic of the Marshall Islands,Marshall Islands,Micronesia,Oceania
naturalEarth.41,Switzerland,2014-07-21 16:03:45,V,Switzerland,Switzerland,Old Swiss Confederacy,Switzerland in the Napoleonic era,8.3968647659,Switzerland,Switzerland,Swiss Confederation,Switzerland,Western Europe,Europe
naturalEarth.207,San Marino,2014-07-21 16:03:54,V,San Marino,San Marino,San Marino national football team,San Marino Calcio,8.4803150013,San Marino,San Marino,Republic of San Marino,San Marino,Southern Europe,Europe
naturalEarth.214,Slovakia,2014-07-21 16:03:55,V,Slovakia,Slovakia,Slovak Republic (1939–45),Slovakia national football team,8.5774392636,Slovakia,Slovakia,Slovak Republic,Slovakia,Eastern Europe,Europe
naturalEarth.66,Dominican Republic,2014-07-21 16:03:47,V,Dominican Republic,Dominican Republic,Dominican Republic Davis Cup team,Dominican Republic national football team,8.5781043828,Dominican Rep.,Dominican Republic,Dominican Republic,Dominican Republic,Caribbean,North America
naturalEarth.183,Poland,2014-07-21 16:03:53,V,Poland,Poland,Polish People's Republic,Second Polish Republic,8.6083421386,Poland,Poland,Republic of Poland,Poland,Eastern Europe,Europe
naturalEarth.116,Jordan,2014-07-21 16:03:50,V,Jordan,Jordan,Jordan Grand Prix,Jordan national football team,8.6503249943,Jordan,Jordan,Hashemite Kingdom of Jordan,Jordan,Western Asia,Asia
naturalEarth.102,Hungary,2014-07-21 16:03:49,V,Hungary,Hungary,Hungarian Republic (1946–49),Hungary national football team,8.6873761579,Hungary,Hungary,Republic of Hungary,Hungary,Eastern Europe,Europe
naturalEarth.16,Australia,2014-07-21 16:03:43,V,Australia,Australia,Government of Australia,Australia national cricket team,8.6972065136,Australia,Australia,Commonwealth of Australia,Australia,Australia and New Zealand,Oceania
naturalEarth.123,Cambodia,2014-07-21 16:03:50,V,Cambodia,Cambodia,Kingdom of Cambodia (1953–70),History of Cambodia,8.698657507,Cambodia,Cambodia,Kingdom of Cambodia,Cambodia,South-Eastern Asia,Asia
naturalEarth.113,Italy,2014-07-21 16:03:50,V,Italy,Italy,Italian Republic (Napoleonic),Italy national football team,8.7462394997,Italy,Italy,Italian Republic,Italy,Southern Europe,Europe
naturalEarth.228,Tonga,2014-07-21 16:03:55,V,Tonga,Tonga,Tonga national rugby union team,Tonga national rugby league team,8.7499459177,Tonga,Tonga,Kingdom of Tonga,Tonga,Polynesia,Oceania
naturalEarth.186,Portugal,2014-07-21 16:03:53,V,Portugal,Portugal,Portugal national football team,First Portuguese Republic,8.7795029864,Portugal,Portugal,Portuguese Republic,Portugal,Southern Europe,Europe
naturalEarth.138,Luxembourg,2014-07-21 16:03:51,V,Luxembourg,Luxembourg,Luxembourg (city),Luxembourg national football team,8.7832024127,Luxembourg,Luxembourg,Grand Duchy of Luxembourg,Luxembourg,Western Europe,Europe
naturalEarth.216,Sweden,2014-07-21 16:03:55,V,Sweden,Sweden,Sweden–Finland,Sweden national football team,8.7925753973,Sweden,Sweden,Kingdom of Sweden,Sweden,Northern Europe,Europe
naturalEarth.212,São Tomé and Principe,2014-07-21 16:03:54,V,São Tomé and Príncipe,São Tomé and Príncipe,"Almeirim, São Tomé and Principe",2011 São Tomé and Principe Championship,8.8473090698,São Tomé and Principe,São Tomé and Principe,Democratic Republic of São Tomé and Principe,Sao Tome and Principe,Middle Africa,Africa
naturalEarth.25,Bahrain,2014-07-21 16:03:44,V,Bahrain,Bahrain,Bahrain Football Association,Bahrain national football team,8.8752244502,Bahrain,Bahrain,Kingdom of Bahrain,Bahrain,Western Asia,Asia
naturalEarth.229,Trinidad and Tobago,2014-07-21 16:03:55,V,Trinidad and Tobago,Trinidad and Tobago,Trinidad and Tobago national football team,Trinidad and Tobago national cricket team,8.8848438576,Trinidad and Tobago,Trinidad and Tobago,Republic of Trinidad and Tobago,Trinidad and Tobago,Caribbean,North America
naturalEarth.10,Armenia,2014-07-21 16:03:42,V,Armenia,Armenia,First Republic of Armenia,Kingdom of Armenia (antiquity),8.8915903085,Armenia,Armenia,Republic of Armenia,Armenia,Western Asia,Asia
naturalEarth.7,Andorra,2014-07-21 16:03:42,V,Andorra,Andorra,Andorra national football team,Andorra CF,8.8919381142,Andorra,Andorra,Principality of Andorra,Andorra,Southern Europe,Europe
naturalEarth.72,Spain,2014-07-21 16:03:47,V,Spain,Spain,Restoration (Spain),Spain national football team,8.8921487723,Spain,Spain,Kingdom of Spain,Spain,Southern Europe,Europe
naturalEarth.130,Lebanon,2014-07-21 16:03:51,V,Lebanon,Lebanon,List of Ambassadors of the United Kingdom to Lebanon,History of Lebanon,8.9023350865,Lebanon,Lebanon,Lebanese Republic,Lebanon,Western Asia,Asia
naturalEarth.147,Mexico,2014-07-21 16:03:51,V,Mexico,Mexico,First Mexican Republic,Mexico national football team,8.9458781831,Mexico,Mexico,United Mexican States,Mexico,Central America,North America
naturalEarth.134,Liechtenstein,2014-07-21 16:03:51,V,Liechtenstein,Liechtenstein,Liechtenstein national football team,Liechtenstein Football Association,8.9464156345,Liechtenstein,Liechtenstein,Principality of Liechtenstein,Liechtenstein,Western Europe,Europe
naturalEarth.99,Honduras,2014-07-21 16:03:49,V,Honduras,Honduras,Honduras national football team,National Autonomous Federation of Football of Honduras,8.9557651296,Honduras,Honduras,Republic of Honduras,Honduras,Central America,North America
naturalEarth.63,Djibouti,2014-07-21 16:03:47,V,Djibouti,Djibouti,Djibouti (city),Djibouti national football team,8.9942281783,Djibouti,Djibouti,Republic of Djibouti,Djibouti,Eastern Africa,Africa
naturalEarth.255,Zimbabwe,2014-07-21 16:03:57,V,Zimbabwe,Zimbabwe,Zimbabwe national cricket team,Zimbabwe national football team,8.9987602249,Zimbabwe,Zimbabwe,Republic of Zimbabwe,Zimbabwe,Eastern Africa,Africa
naturalEarth.128,Kuwait,2014-07-21 16:03:50,V,Kuwait,Kuwait,Kuwait national football team,Kuwait Football Association,9.0132465526,Kuwait,Kuwait,State of Kuwait,Kuwait,Western Asia,Asia
naturalEarth.51,Colombia,2014-07-21 16:03:46,V,Colombia,Colombia,Gran Colombia,Colombia national football team,9.0327391326,Colombia,Colombia,Republic of Colombia,Colombia,South America,South America
naturalEarth.111,Iceland,2014-07-21 16:03:50,V,Iceland,Iceland,Iceland national football team,Football Association of Iceland,9.0355720736,Iceland,Iceland,Republic of Iceland,Iceland,Northern Europe,Europe
naturalEarth.65,Denmark,2014-07-21 16:03:47,V,Denmark,Denmark,Denmark national football team,Danish Football Association,9.0387933269,Denmark,Denmark,Kingdom of Denmark,Denmark,Northern Europe,Europe
naturalEarth.100,Croatia,2014-07-21 16:03:49,V,Croatia,Croatia,Croatia national football team,Croatian Football Federation,9.0503659815,Croatia,Croatia,Republic of Croatia,Croatia,Southern Europe,Europe
naturalEarth.230,Tunisia,2014-07-21 16:03:55,V,Tunisia,Tunisia,Tunisia national football team,Tunisian Football Federation,9.0549691074,Tunisia,Tunisia,Republic of Tunisia,Tunisia,Northern Africa,Africa
naturalEarth.209,Somalia,2014-07-21 16:03:54,V,Somalia,Somalia,Federal Government of Somalia,Somalia national football team,9.0700594671,Somalia,Somalia,Federal Republic of Somalia,Somalia,Eastern Africa,Africa
naturalEarth.150,Mali,2014-07-21 16:03:52,V,Mali,Mali,Mali national football team,Mali Football Federation,9.0798985265,Mali,Mali,Republic of Mali,Mali,Western Africa,Africa
naturalEarth.46,Cameroon,2014-07-21 16:03:45,V,Cameroon,Cameroon,Cameroon national football team,Fédération Camerounaise de Football,9.0884075925,Cameroon,Cameroon,Republic of Cameroon,Cameroon,Middle Africa,Africa
naturalEarth.69,Egypt,2014-07-21 16:03:47,V,Egypt,Egypt,Egypt national football team,Ancient Egypt,9.0921106707,Egypt,Egypt,Arab Republic of Egypt,Egypt,Northern Africa,Africa
naturalEarth.85,Ghana,2014-07-21 16:03:48,V,Ghana,Ghana,Ghana national football team,Ghana Football Association,9.0944104284,Ghana,Ghana,Republic of Ghana,Ghana,Western Africa,Africa
naturalEarth.223,Togo,2014-07-21 16:03:55,V,Togo,Togo,Togo national football team,Fédération Togolaise de Football,9.0952547729,Togo,Togo,Togolese Republic,Togo,Western Africa,Africa
naturalEarth.20,Belgium,2014-07-21 16:03:43,V,Belgium,Belgium,Belgium national football team,Royal Belgian Football Association,9.0997703835,Belgium,Belgium,Kingdom of Belgium,Belgium,Western Europe,Europe
naturalEarth.53,Cape Verde,2014-07-21 16:03:46,V,Cape Verde,Cape Verde,Cape Verde national football team,Portuguese Cape Verde,9.1057169937,Cape Verde,Cape Verde,Republic of Cape Verde,Cape Verde,Western Africa,Africa
naturalEarth.144,Moldova,2014-07-21 16:03:51,V,Moldova,Moldova,Moldova national football team,Football Association of Moldova,9.1195261158,Moldova,Moldova,Republic of Moldova,Moldova,Eastern Europe,Europe
naturalEarth.137,Lithuania,2014-07-21 16:03:51,V,Lithuania,Lithuania,Lithuania national football team,Lithuanian Football Federation,9.1197296336,Lithuania,Lithuania,Republic of Lithuania,Lithuania,Northern Europe,Europe
naturalEarth.219,Seychelles,2014-07-21 16:03:55,V,Seychelles,Seychelles,Seychelles Football Federation,Seychelles national football team,9.1209214121,Seychelles,Seychelles,Republic of Seychelles,Seychelles,Eastern Africa,Seven seas (open ocean)
naturalEarth.60,Cyprus,2014-07-21 16:03:46,V,Cyprus,Cyprus,Cyprus national football team,Cyprus Football Association,9.1244133852,Cyprus,Cyprus,Republic of Cyprus,Cyprus,Western Asia,Asia
naturalEarth.248,Vanuatu,2014-07-21 16:03:56,V,Vanuatu,Vanuatu,Vanuatu national football team,Vanuatu Football Federation,9.129931958,Vanuatu,Vanuatu,Republic of Vanuatu,Vanuatu,Melanesia,Oceania
naturalEarth.23,Bangladesh,2014-07-21 16:03:43,V,Bangladesh,Bangladesh,Bangladesh national cricket team,Bangladesh (record producer),9.1320631966,Bangladesh,Bangladesh,People's Republic of Bangladesh,Bangladesh,Southern Asia,Asia
naturalEarth.164,Niger,2014-07-21 16:03:52,V,Niger,Niger,Niger River,Niger national football team,9.1320716903,Niger,Niger,Republic of Niger,Niger,Western Africa,Africa
naturalEarth.67,Algeria,2014-07-21 16:03:47,V,Algeria,Algeria,Algeria national football team,French Algeria,9.138056656,Algeria,Algeria,People's Democratic Republic of Algeria,Algeria,Northern Africa,Africa
naturalEarth.135,Sri Lanka,2014-07-21 16:03:51,V,Sri Lanka,Sri Lanka,Sri Lanka national cricket team,Football Federation of Sri Lanka,9.1439734563,Sri Lanka,Sri Lanka,Democratic Socialist Republic of Sri Lanka,Sri Lanka,Southern Asia,Asia
naturalEarth.220,Syria,2014-07-21 16:03:55,V,Syria,Syria,Syria (Roman province),Syria national football team,9.1444864027,Syria,Syria,Syrian Arab Republic,Syria,Western Asia,Asia
naturalEarth.139,Latvia,2014-07-21 16:03:51,V,Latvia,Latvia,Latvia national football team,Latvian Football Federation,9.1454186872,Latvia,Latvia,Republic of Latvia,Latvia,Northern Europe,Europe
naturalEarth.159,Mauritius,2014-07-21 16:03:52,V,Mauritius,Mauritius,Mauritius Football Association,Mauritius national football team,9.1503955159,Mauritius,Mauritius,Republic of Mauritius,Mauritius,Eastern Africa,Seven seas (open ocean)
naturalEarth.30,Belarus,2014-07-21 16:03:44,V,Belarus,Belarus,Belarus national football team,Football Federation of Belarus,9.151444675,Belarus,Belarus,Republic of Belarus,Belarus,Eastern Europe,Europe
naturalEarth.73,Estonia,2014-07-21 16:03:47,V,Estonia,Estonia,Estonia national football team,Estonian Football Association,9.1518901356,Estonia,Estonia,Republic of Estonia,Estonia,Northern Europe,Europe
naturalEarth.38,Botswana,2014-07-21 16:03:45,V,Botswana,Botswana,Botswana national football team,United States Ambassador to Botswana,9.1591455683,Botswana,Botswana,Republic of Botswana,Botswana,Southern Africa,Africa
naturalEarth.166,Nigeria,2014-07-21 16:03:52,V,Nigeria,Nigeria,Nigeria national football team,United States Ambassador to Nigeria,9.1600712426,Nigeria,Nigeria,Federal Republic of Nigeria,Nigeria,Western Africa,Africa
naturalEarth.75,Finland,2014-07-21 16:03:47,V,Finland,Finland,Finland national football team,Football Association of Finland,9.1610572878,Finland,Finland,Republic of Finland,Finland,Northern Europe,Europe
naturalEarth.213,Suriname,2014-07-21 16:03:55,V,Suriname,Suriname,Surinamese Football Association,Suriname national football team,9.1612856254,Suriname,Suriname,Republic of Suriname,Suriname,South America,South America
naturalEarth.42,Chile,2014-07-21 16:03:45,V,Chile,Chile,Chile national football team,Football Federation of Chile,9.1623444647,Chile,Chile,Republic of Chile,Chile,South America,South America
naturalEarth.34,Brazil,2014-07-21 16:03:44,V,Brazil,Brazil,Brazil national football team,Brazilian Football Confederation,9.16402556,Brazil,Brazil,Federative Republic of Brazil,Brazil,South America,South America
naturalEarth.120,Kazakhstan,2014-07-21 16:03:50,V,Kazakhstan,Kazakhstan,Kazakhstan national football team,Football Federation of Kazakhstan,9.1677248083,Kazakhstan,Kazakhstan,Republic of Kazakhstan,Kazakhstan,Central Asia,Asia
naturalEarth.254,Zambia,2014-07-21 16:03:57,V,Zambia,Zambia,Zambia national football team,Football Association of Zambia,9.1679755799,Zambia,Zambia,Republic of Zambia,Zambia,Eastern Africa,Africa
naturalEarth.122,Kyrgyzstan,2014-07-21 16:03:50,V,Kyrgyzstan,Kyrgyzstan,Football Federation of the Kyrgyz Republic,Kyrgyzstan national football team,9.1691844448,Kyrgyzstan,Kyrgyzstan,Kyrgyz Republic,Kyrgyzstan,Central Asia,Asia
naturalEarth.101,Haiti,2014-07-21 16:03:49,V,Haiti,Haiti,Haiti national football team,United States Ambassador to Haiti,9.1718354158,Haiti,Haiti,Republic of Haiti,Haiti,Caribbean,North America
naturalEarth.156,Mozambique,2014-07-21 16:03:52,V,Mozambique,Mozambique,Portuguese Mozambique,Mozambique national football team,9.1752103545,Mozambique,Mozambique,Republic of Mozambique,Mozambique,Eastern Africa,Africa
naturalEarth.81,Gabon,2014-07-21 16:03:48,V,Gabon,Gabon,Gabon national football team,Fédération Gabonaise de Football,9.1758451924,Gabon,Gabon,Gabonese Republic,Gabon,Middle Africa,Africa
naturalEarth.162,Namibia,2014-07-21 16:03:52,V,Namibia,Namibia,Namibia national cricket team,Namibia national rugby union team,9.1774206176,Namibia,Namibia,Republic of Namibia,Namibia,Southern Africa,Africa
naturalEarth.19,Burundi,2014-07-21 16:03:43,V,Burundi,Burundi,Kingdom of Burundi,Fédération de Football du Burundi,9.1907042596,Burundi,Burundi,Republic of Burundi,Burundi,Eastern Africa,Africa
naturalEarth.64,Dominica,2014-07-21 16:03:47,V,Dominica,Dominica,List of non-marine molluscs of Dominica,Dominica national football team,9.1907967791,Dominica,Dominica,Commonwealth of Dominica,Dominica,Caribbean,North America
naturalEarth.192,Russian Federation,2014-07-21 16:03:54,V,Russia,Russia,Russian Empire,Russia national football team,9.1918970712,Russia,Russian Federation,Russian Federation,Russia,Eastern Europe,Europe
naturalEarth.222,Chad,2014-07-21 16:03:55,V,Chad,Chad,United States Ambassador to Chad,Chad national football team,9.1946741354,Chad,Chad,Republic of Chad,Chad,Middle Africa,Africa
naturalEarth.231,Turkey,2014-07-21 16:03:55,V,Turkey,Turkey,Turkey national football team,Turkish Football Federation,9.2026160814,Turkey,Turkey,Republic of Turkey,Turkey,Western Asia,Asia
naturalEarth.103,Indonesia,2014-07-21 16:03:49,V,Indonesia,Indonesia,Republic of Indonesia (1949–50),Indonesia national football team,9.2033926301,Indonesia,Indonesia,Republic of Indonesia,Indonesia,South-Eastern Asia,Asia
naturalEarth.136,Lesotho,2014-07-21 16:03:51,V,Lesotho,Lesotho,Lesotho national football team,Lesotho Football Association,9.2055201471,Lesotho,Lesotho,Kingdom of Lesotho,Lesotho,Southern Africa,Africa
naturalEarth.33,Bolivia,2014-07-21 16:03:44,V,Bolivia,Bolivia,Bolivia national football team,Bolivian Football Federation,9.2074744381,Bolivia,Bolivia,Plurinational State of Bolivia,Bolivia,South America,South America
naturalEarth.18,Azerbaijan,2014-07-21 16:03:43,V,Azerbaijan,Azerbaijan,Azerbaijan national football team,Azerbaijan Soviet Socialist Republic,9.2099548455,Azerbaijan,Azerbaijan,Republic of Azerbaijan,Azerbaijan,Western Asia,Asia
naturalEarth.160,Malawi,2014-07-21 16:03:52,V,Malawi,Malawi,Malawi national football team,Football Association of Malawi,9.2124470301,Malawi,Malawi,Republic of Malawi,Malawi,Eastern Africa,Africa
naturalEarth.52,Comoros,2014-07-21 16:03:46,V,Comoros,Comoros,Comoros national football team,Comoros Football Federation,9.2125384618,Comoros,Comoros,Union of the Comoros,Comoros,Eastern Africa,Africa
naturalEarth.68,Ecuador,2014-07-21 16:03:47,V,Ecuador,Ecuador,Ecuador national football team,Ecuadorian Football Federation,9.2166479953,Ecuador,Ecuador,Republic of Ecuador,Ecuador,South America,South America
naturalEarth.178,Peru,2014-07-21 16:03:53,V,Peru,Peru,Peru national football team,Peruvian Football Federation,9.2187203817,Peru,Peru,Republic of Peru,Peru,South America,South America
naturalEarth.131,Liberia,2014-07-21 16:03:51,V,Liberia,Liberia,Liberia national football team,"Liberia, Costa Rica",9.2200594634,Liberia,Liberia,Republic of Liberia,Liberia,Western Africa,Africa
naturalEarth.124,Kiribati,2014-07-21 16:03:50,V,Kiribati,Kiribati,Kiribati national football team,Kiribati at the 2006 Commonwealth Games,9.2263888583,Kiribati,Kiribati,Republic of Kiribati,Kiribati,Micronesia,Oceania
naturalEarth.121,Kenya,2014-07-21 16:03:50,V,Kenya,Kenya,Kenya national cricket team,Kenya national football team,9.2294017833,Kenya,Kenya,Republic of Kenya,Kenya,Eastern Africa,Africa
naturalEarth.152,Myanmar,2014-07-21 16:03:52,V,Burma,Burma,Myanmar national football team,Myanmar Football Federation,9.2329188451,Myanmar,Myanmar,Republic of the Union of Myanmar,Myanmar,South-Eastern Asia,Asia
naturalEarth.82,United Kingdom,2014-07-21 16:03:48,V,United Kingdom,United Kingdom,United Kingdom of Great Britain and Ireland,English poetry,9.2450618759,United Kingdom,United Kingdom,United Kingdom of Great Britain and Northern Ireland,United Kingdom,Northern Europe,Europe
naturalEarth.74,Ethiopia,2014-07-21 16:03:47,V,Ethiopia,Ethiopia,Ethiopian Empire,Ethiopia national football team,9.2479850739,Ethiopia,Ethiopia,Federal Democratic Republic of Ethiopia,Ethiopia,Eastern Africa,Africa
naturalEarth.205,Sierra Leone,2014-07-21 16:03:54,V,Sierra Leone,Sierra Leone,Sierra Leone national football team,Sierra Leone (Commonwealth realm),9.2502596691,Sierra Leone,Sierra Leone,Republic of Sierra Leone,Sierra Leone,Western Africa,Africa
naturalEarth.70,Eritrea,2014-07-21 16:03:47,V,Eritrea,Eritrea,Eritrean National Football Federation,Eritrea national football team,9.2512372877,Eritrea,Eritrea,State of Eritrea,Eritrea,Eastern Africa,Africa
naturalEarth.235,Uganda,2014-07-21 16:03:56,V,Uganda,Uganda,Uganda national football team,Uganda national cricket team,9.2540536184,Uganda,Uganda,Republic of Uganda,Uganda,Eastern Africa,Africa
naturalEarth.109,Iran,2014-07-21 16:03:49,V,Iran,Iran,History of the Islamic Republic of Iran,Iran national football team,9.2623320032,Iran,Iran,Islamic Republic of Iran,Iran,Southern Asia,Asia
naturalEarth.37,Bhutan,2014-07-21 16:03:45,V,Bhutan,Bhutan,Bhutan national football team,Politics of Bhutan,9.2688845895,Bhutan,Bhutan,Kingdom of Bhutan,Bhutan,Southern Asia,Asia
naturalEarth.105,India,2014-07-21 16:03:49,V,India,India,India national cricket team,India national football team,9.2721440673,India,India,Republic of India,India,Southern Asia,Asia
naturalEarth.180,Philippines,2014-07-21 16:03:53,V,Philippines,Philippines,Second Philippine Republic,Philippines national football team,9.294867097,Philippines,Philippines,Republic of the Philippines,Philippines,South-Eastern Asia,Asia
naturalEarth.234,Tanzania,2014-07-21 16:03:55,V,Tanzania,Tanzania,Tanzania national football team,Tanzania at the 2006 Commonwealth Games,9.3063219678,Tanzania,Tanzania,United Republic of Tanzania,United Republic of Tanzania,Eastern Africa,Africa
naturalEarth.239,United States,2014-07-21 16:03:56,V,United States,United States,United States men's national soccer team,United States Soccer Federation,9.3291930841,United States,United States,United States of America,United States of America,Northern America,North America
naturalEarth.227,Timor-Leste,2014-07-21 16:03:55,V,East Timor,East Timor,Timor-Leste national football team,Federação de Futebol de Timor-Leste,9.6601651747,Timor-Leste,Timor-Leste,Democratic Republic of Timor-Leste,East Timor,South-Eastern Asia,Asia
naturalEarth.88,The Gambia,2014-07-21 16:03:48,V,The Gambia,The Gambia,Gambia Football Association,Gambia national football team,9.8329418871,Gambia,The Gambia,Republic of the Gambia,Gambia,Western Africa,Africa
naturalEarth.44,Côte d'Ivoire,2014-07-21 16:03:45,V,Ivory Coast,Ivory Coast,Ivory Coast national football team,Fédération Ivoirienne de Football,9.8966096956,Côte d'Ivoire,Côte d'Ivoire,Republic of Ivory Coast,Ivory Coast,Western Africa,Africa
naturalEarth.36,Brunei Darussalam,2014-07-21 16:03:45,V,Brunei,Brunei,Brunei national football team,Brunei at the 2007 Southeast Asian Games,10.081515289,Brunei,Brunei Darussalam,Negara Brunei Darussalam,Brunei,South-Eastern Asia,Asia
naturalEarth.90,Equatorial Guinea,2014-07-21 16:03:48,V,Equatorial Guinea,Equatorial Guinea,Equatorial Guinea national football team,Equatorial Guinea women's national football team,10.1720767456,Eq. Guinea,Equatorial Guinea,Republic of Equatorial Guinea,Equatorial Guinea,Middle Africa,Africa
naturalEarth.89,Guinea-Bissau,2014-07-21 16:03:48,V,Guinea-Bissau,Guinea-Bissau,Guinea-Bissau national football team,Federação de Futebol da Guiné-Bissau,10.1871855389,Guinea-Bissau,Guinea-Bissau,Republic of Guinea-Bissau,Guinea Bissau,Western Africa,Africa
naturalEarth.129,Lao PDR,2014-07-21 16:03:50,V,Laos,Laos,Laos national football team,Kingdom of Laos,10.3032865656,Lao PDR,Lao PDR,Lao People's Democratic Republic,Laos,South-Eastern Asia,Asia
